sra_run_accession	who_id	strain_code	clioc_id	other_id1	other_id2	source_geographic_region	country_code	source_country	source_state_or_region	source_town	host_code	host_species	coverage	coverage_rounded	
SRR20748484	MCAN/BR/1980/CR3	CR3	IOCL 0045	45	CR3	Americas	BR	Brazil	Rio de Janeiro	NA	MCAN	Dog	0	0	
SRR20748483	MCAN/BR/1984/C17.206	C17.206	IOCL 0329	329	C17.206	Americas	BR	Brazil	Ceara	Canindé	MCAN	Dog	0	0	
SRR20748320	MCAN/BR/1984/CCC-17.481	CCC-17.481	IOCL 0603	603	CCC-17.481	Americas	BR	Brazil	Ceara	Caucaia	MCAN	Dog	0	0	
SRR20748309	MCAN/BR/1984/CCC17.482	CCC17.482	IOCL 0606	606	CCC17.482	Americas	BR	Brazil	Ceara	Caucaia	MCAN	Dog	0	0	
SRR20748298	MHOM/BR/2003/JBIC	JBIC	IOCL 2584	2584	JBIC	Americas	BR	Brazil	Mato Grosso do Sul	Campo Grande	MHOM	Human	4.3757944458779	4	
SRR20748411	MHOM/BR/2003/ACS	ACS	IOCL 2647	2647	ACS	Americas	BR	Brazil	Pernambuco	Recife	MHOM	Human	0	0	
SRR20748400	MCAN/BR/2002/LVV-135	LVV-135	IOCL 2664	2664	LVV-135	Americas	BR	Brazil	Mato Grosso do Sul	Campo Grande	MCAN	Dog	3.56187501056587	4	
SRR20748389	MCAN/BR/2002/LVV-139	LVV-139	IOCL 2668	2668	LVV-139	Americas	BR	Brazil	Mato Grosso do Sul	Três Lagoas	MCAN	Dog	3.60090757127413	4	
SRR20748346	MCAN/BR/2005/SPACK	SPACK	IOCL 2769	2769	SPACK	Americas	BR	Brazil	Pernambuco	São Vicente Ferrer	MCAN	Dog	0	0	
SRR20748335	MHOM/BR/2005/phufms-85	phufms-85	IOCL 2777	2777	phufms-85	Americas	BR	Brazil	Mato Grosso do Sul	NA	MHOM	Human	3.72193615723159	4	
SRR20748482	MHOM/BR/2005/phufms-89	phufms-89	IOCL 2778	2778	phufms-89	Americas	BR	Brazil	Mato Grosso do Sul	Campo Grande	MHOM	Human	4.5347927797353	4	
SRR20748471	MHOM/BR/2005/2788	2788	NA	2788	2788	Americas	BR	Brazil	Espírito Santo	NA	MHOM	NA	0	0	
SRR20748460	MHOM/BR/2005/HRNS-1	HRNS-1	IOCL 2789	2789	HRNS-1	Americas	BR	Brazil	Espírito Santo	Rio Novo do Sul	MHOM	Human	0.00600367156287958	0	
SRR20748449	MCAN/BR/2005/NMT-BSB159B	NMT-BSB159B	IOCL 2848	2848	NMT-BSB159B	Americas	BR	Brazil	Bahia	NA	MCAN	Dog	5.43E-04	0	
SRR20748438	MCER/BR/1979/M6445	M6445	IOCL 2896	2896	M6445	Americas	BR	Brazil	Pará	NA	MCER	Human	0	0	
SRR20748427	MCAN/BR/2006/NMT-DF1421MO	NMT-DF1421MO	IOCL 2901	2901	NMT-DF1421MO	Americas	BR	Brazil	Distrito Federal	NA	MCAN	Dog	0	0	
SRR20748384	MHOM/BR/2002/LPC-RPV	LPC-RPV	IOCL 2906	2906	LPC-RPV	Americas	BR	Brazil	Minas Gerais	NA	MHOM	Human	0	0	
SRR20748373	MCAN/BR/2006/MAIKE	MAIKE	IOCL 2933	2933	MAIKE	Americas	BR	Brazil	Pernambuco	Recife	MCAN	Dog	0	0	
SRR20748362	MHOM/BR/2005/742EMS	742EMS	IOCL 2972	2972	742EMS	Americas	BR	Brazil	Piauí	NA	MHOM	Human	3.93270178469586	4	
SRR20748323	MHOM/BR/2006/1406MBS	1406MBS	IOCL 2976	2976	1406MBS	Americas	BR	Brazil	Piauí	NA	MHOM	Human	0	0	
SRR20748319	MHOM/BR/2007/WC	WC	IOCL 3015	3015	WC	Americas	BR	Brazil	Rio de Janeiro	NA	MHOM	Human	0	0	
SRR20748318	MHOM/BR/2003/NMT-HUB 138030	NMT-HUB 138030	IOCL 3017	3017	NMT-HUB 138030	Americas	BR	Brazil	Distrito Federal	NA	MHOM	Human	0	0	
SRR20748317	MCAN/BR/2007/CP-14	CP-14	IOCL 3023	3023	CP-14	Americas	BR	Brazil	Espírito Santo	Pancas	MCAN	Dog	0	0	
SRR20748316	MCAN/BR/2007/CG-1	CG-1	IOCL 3033	3033	CG-1	Americas	BR	Brazil	Mato Grosso do Sul	Campo Grande	MCAN	Dog	0	0	
SRR20748315	MHOM/BR/2008/RN-04	RN-04	IOCL 3050	3050	RN-04	Americas	BR	Brazil	Rio Grande do Norte	Natal	MHOM	Human	0	0	
SRR20748314	MHOM/BR/2008/RN-05	RN-05	IOCL 3051	3051	RN-05	Americas	BR	Brazil	Rio Grande do Norte	Natal	MHOM	Human	0	0	
SRR20748313	MHOM/BR/2008/RN-03	RN-03	IOCL 3052	3052	RN-03	Americas	BR	Brazil	Rio Grande do Norte	Natal	MHOM	Human	0	0	
SRR20748312	MHOM/BR/2008/RJS	RJS	IOCL 3053	3053	RJS	Americas	BR	Brazil	Pernambuco	Recife	MHOM	Human	0	0	
SRR20748311	MHOM/BR/2009/LCS	LCS	IOCL 3092	3092	LCS	Americas	BR	Brazil	Maranhão	São Luís	MHOM	Human	0	0	
SRR20748308	MHOM/BR/2009/ANC	ANC	IOCL 3105	3105	ANC	Americas	BR	Brazil	Maranhão	São Luís	MHOM	Human	3.53613618270054	4	
SRR20748307	MHOM/BR/2009/HU-UFS02	HU-UFS02	IOCL 3107	3107	HU-UFS02	Americas	BR	Brazil	Sergipe	Aracaju	MHOM	Human	0	0	
SRR20748306	MHOM/BR/2009/HU-UFS11	HU-UFS11	IOCL 3116	3116	HU-UFS11	Americas	BR	Brazil	Sergipe	Aracaju	MHOM	Human	0	0	
SRR20748305	MCAN/BR/2009/PANTERA-MO-I	PANTERA-MO-I	IOCL 3132	3132	PANTERA-MO-I	Americas	BR	Brazil	Mato Grosso	NA	MCAN	NA	0	0	
SRR20748304	MCAN/BR/2009/GRANDÃO-I	GRANDÃO-I	IOCL 3134	3134	GRANDÃO-I	Americas	BR	Brazil	Mato Grosso	NA	MCAN	NA	1.62073543517576	2	
SRR20748303	MHOM/BR/2009/202	202	IOCL 3140	3140	3140	Americas	BR	Brazil	Mato Grosso	Cuiabá	MHOM	Human	0	0	
SRR20748302	MCAN/BR/2009/113-MO	113-MO	IOCL 3158	3158	113-MO	Americas	BR	Brazil	Mato Grosso	NA	MCAN	NA	0	0	
SRR20748301	MCAN/BR/2010/BURRINHO-I	BURRINHO-I	IOCL 3189	3189	BURRINHO-I	Americas	BR	Brazil	Rio Grande do Sul	NA	MCAN	NA	0	0	
SRR20748300	MCAN/BR/2010/LEONA	LEONA	IOCL 3193	3193	LEONA	Americas	BR	Brazil	Rio Grande do Sul	Uruguaiana	MCAN	Dog	0	0	
SRR20748299	MCAN/BR/2010/LAIKA	LAIKA	IOCL 3198	3198	LAIKA	Americas	BR	Brazil	Rio Grande do Sul	Uruguaiana	MCAN	Dog	0	0	
SRR20748297	MCAN/BR/2010/LEAO-I	LEAO-I	IOCL 3205	3205	LEAO-I	Americas	BR	Brazil	Mato Grosso	NA	MCAN	NA	3.60606180942676	4	
SRR20748296	MCAN/BR/2010/MEG	MEG	IOCL 3214	3214	MEG	Americas	BR	Brazil	Mato Grosso	Cuiabá	MCAN	Dog	0	0	
SRR20748295	MCAN/BR/2010/MAGRÃO	MAGRÃO	IOCL 3227	3227	MAGRÃO	Americas	BR	Brazil	Mato Grosso	NA	MCAN	NA	0	0	
SRR20748294	MCAN/BR/2009/CLV9	CLV9	IOCL 3250	3250	CLV9	Americas	BR	Brazil	São Paulo	Embu das Artes	MCAN	Dog	0	0	
SRR20748293	MCAN/BR/2010/PV82	PV82	IOCL 3264	3264	PV82	Americas	BR	Brazil	Rio Grande do Norte	Natal	MCAN	Dog	0	0	
SRR20748416	MCAN/BR/2010/PV97	PV97	IOCL 3274	3274	PV97	Americas	BR	Brazil	Rio Grande do Norte	Natal	MCAN	Dog	0	0	
SRR20748415	MCAN/BR/2010/PV98	PV98	IOCL 3275	3275	PV98	Americas	BR	Brazil	Rio Grande do Norte	Natal	MCAN	Dog	0	0	
SRR20748414	MCAN/BR/2010/PV99	PV99	IOCL 3276	3276	PV99	Americas	BR	Brazil	Rio Grande do Norte	Natal	MCAN	Dog	0	0	
SRR20748413	MCAN/BR/2010/282-II	282-II	IOCL 3320	3320	282-II	Americas	BR	Brazil	Mato Grosso	NA	MCAN	NA	0	0	
SRR20748412	MHOM/BR/2012/AD4	AD4	IOCL 3374	3374	AD4	Americas	BR	Brazil	Minas Gerais	Belo Horizonte	MHOM	Human	0	0	
SRR20748410	MHOM/BR/2012/DIAG1502	DIAG1502	IOCL 3403	3403	DIAG1502	Americas	BR	Brazil	Rio Grande do Norte	Natal	MHOM	Human	0	0	
SRR20748409	MHOM/BR/2012/DIAG1521	DIAG1521	IOCL 3405	3405	DIAG1521	Americas	BR	Brazil	Rio Grande do Norte	Natal	MHOM	Human	0	0	
SRR20748408	MHOM/BR/2012/DIAG1551	DIAG1551	IOCL 3407	3407	DIAG1551	Americas	BR	Brazil	Rio Grande do Norte	Natal	MHOM	Human	0	0	
SRR20748407	MHOM/BR/2012/DIAG1586	DIAG1586	IOCL 3435	3435	DIAG1586	Americas	BR	Brazil	Rio Grande do Norte	Natal	MHOM	Human	0	0	
SRR20748406	MCAN/BR/2010/LSC_LOB	LSC_LOB	IOCL 3446	3446	LSC_LOB	Americas	BR	Brazil	Santa Catarina	Florianópolis	MCAN	Dog	0	0	
SRR20748405	MCAN/BR/2013/001-MO	001-MO	IOCL 3504	3504	001-MO	Americas	BR	Brazil	Maranhão	São Luís	MCAN	Dog	1.855578925317	2	
SRR20748404	MCAN/BR/2014/CLARINHA	CLARINHA	IOCL 3536	3536	CLARINHA	Americas	BR	Brazil	São Paulo	São José do Rio Preto	MCAN	Dog	0	0	
SRR20748403	MCAN/BR/2014/CORAGEM	CORAGEM	IOCL 3537	3537	CORAGEM	Americas	BR	Brazil	São Paulo	São José do Rio Preto	MCAN	Dog	0	0	
SRR20748402	MCAN/BR/2014/QUIKE	QUIKE	IOCL 3552	3552	QUIKE	Americas	BR	Brazil	São Paulo	Presidente Prudente	MCAN	Dog	0	0	
SRR20748401	MCAN/BR/2014/17BAÇO	17BAÇO	IOCL 3554	3554	17BAÇO	Americas	BR	Brazil	Maranhão	NA	MCAN	NA	3.66600094318639	4	
SRR20748399	MCAN/BR/2014/18BAÇO	18BAÇO	IOCL 3555	3555	18BAÇO	Americas	BR	Brazil	Maranhão	NA	MCAN	NA	3.52370555340747	4	
SRR20748398	MCAN/BR/2014/18MEDULA	18MEDULA	IOCL 3556	3556	18MEDULA	Americas	BR	Brazil	Maranhão	São Luís	MCAN	Dog	3.63463485757354	4	
SRR20748397	MCAN/BR/2014/19BAÇO	19BAÇO	IOCL 3557	3557	19BAÇO	Americas	BR	Brazil	Maranhão	NA	MCAN	NA	0.759034285206127	1	
SRR20748396	MCAN/BR/2014/21BAÇO	21BAÇO	IOCL 3558	3558	21BAÇO	Americas	BR	Brazil	Maranhão	NA	MCAN	NA	0	0	
SRR20748395	MCAN/BR/2014/POODLE-FÊMEA	POODLE-FÊMEA	IOCL 3559	3559	POODLE-FÊMEA	Americas	BR	Brazil	Maranhão	NA	MCAN	NA	3.38655431162466	3	
SRR20748394	MCAN/BR/2014/20M	20M	IOCL 3560	3560	20M	Americas	BR	Brazil	Maranhão	São Luís	MCAN	Dog	3.34179183603964	3	
SRR20748393	MCAN/BR/2015/TUBO4	TUBO4	IOCL 3597	3597	TUBO4	Americas	BR	Brazil	Rio de Janeiro	Barra Mansa	MCAN	Dog	0	0	
SRR20748392	MCAN/BR/2016/90	90	IOCL 3634	3634	90	Americas	BR	Brazil	Rio de Janeiro	Barra Mansa	MCAN	Dog	0	0	
SRR20748391	MCAN/BR/2015/PACO	PACO	IOCL 3719	3719	PACO	Americas	BR	Brazil	Santa Catarina	Florianópolis	MCAN	Dog	0	0	
SRR20748390	MCAN/BR/2010/LOBA	LOBA	IOCL 3722	3722	LOBA	Americas	BR	Brazil	Santa Catarina	Florianópolis	MCAN	Dog	0	0	
SRR20748388	MCAN/BR/2015/LAIKA	LAIKA	IOCL 3733	3733	LAIKA	Americas	BR	Brazil	Santa Catarina	Florianópolis	MCAN	Dog	0	0	
SRR20748387	MCAN/BR/2015/LUMA	LUMA	IOCL 3734	3734	LUMA	Americas	BR	Brazil	Santa Catarina	Florianópolis	MCAN	Dog	0	0	
SRR20748386	MCAN/BR/2010/PONGO	PONGO	IOCL 3735	3735	PONGO	Americas	BR	Brazil	Santa Catarina	Florianópolis	MCAN	Dog	0	0	
SRR20748385	MCAN/BR/2017/BETHOVEN	BETHOVEN	IOCL 3737	3737	BETHOVEN	Americas	BR	Brazil	Santa Catarina	Florianópolis	MCAN	Dog	4.5389848958111	4	
SRR20748352	MCAN/BR/2016/NICK	NICK	IOCL 3738	3738	NICK	Americas	BR	Brazil	Santa Catarina	Florianópolis	MCAN	Dog	0	0	
SRR20748351	MCAN/BR/2015/BOMBOM	BOMBOM	IOCL 3739	3739	BOMBOM	Americas	BR	Brazil	Santa Catarina	Florianópolis	MCAN	Dog	0	0	
SRR20748350	MCAN/BR/2015/SCOOBY	SCOOBY	IOCL 3741	3741	SCOOBY	Americas	BR	Brazil	Santa Catarina	Florianópolis	MCAN	Dog	0	0	
SRR20748349	MCAN/BR/2010/CÃO	CÃO	IOCL 3742	3742	CÃO	Americas	BR	Brazil	Santa Catarina	NA	MCAN	NA	0	0	
SRR20748348	MCAN/BR/2010/CHANEL	CHANEL	IOCL 3743	3743	CHANEL	Americas	BR	Brazil	Santa Catarina	Florianópolis	MCAN	Dog	4.00180439318983	4	
SRR20748347	MCAN/BR/2015/BONECA	BONECA	IOCL 3744	3744	BONECA	Americas	BR	Brazil	Santa Catarina	Florianópolis	MCAN	Dog	0	0	
SRR20748345	MCAN/BR/2015/GORKIM	GORKIM	IOCL 3750	3750	GORKIM	Americas	BR	Brazil	Santa Catarina	Florianópolis	MCAN	Dog	0	0	
SRR20748344	MCAN/BR/2015/HANNA	HANNA	IOCL 3751	3751	HANNA	Americas	BR	Brazil	Santa Catarina	Florianópolis	MCAN	Dog	0	0	
SRR20748343	MCAN/BR/2017/JUJU	JUJU	IOCL 3752	3752	JUJU	Americas	BR	Brazil	Santa Catarina	Florianópolis	MCAN	Dog	0	0	
SRR20748342	MCAN/BR/2015/MAGRELO	MAGRELO	IOCL 3753	3753	MEGRELO	Americas	BR	Brazil	Santa Catarina	Florianópolis	MCAN	Dog	0	0	
SRR20748341	MCAN/BR/2016/BOLA	BOLA	IOCL 3754	3754	BOLA	Americas	BR	Brazil	Santa Catarina	Florianópolis	MCAN	Dog	0	0	
SRR20748340	MCAN/BR/2015/NICO	NICO	IOCL 3755	3755	NICO	Americas	BR	Brazil	Santa Catarina	Florianópolis	MCAN	Dog	0	0	
SRR20748339	MCAN/BR/2017/BETANIA	BETANIA	IOCL 3757	3757	BETANIA	Americas	BR	Brazil	Rio de Janeiro	NA	MCAN	Dog	0	0	
SRR20748462	MHOM/BR/2017/6893P	6893P	NA	6893P	6893P	Americas	BR	Brazil	Piauí	Teresina	MHOM	Homo sapiens	0.37388921869655	0	
SRR20748461	MHOM/BR/2017/6950P	6950P	NA	6950P	6950P	Americas	BR	Brazil	Piauí	Nossa Senhora dos Remédios	MHOM	Homo sapiens	0	0	
SRR20748459	MHOM/BR/NA/6969P	6969P	NA	6969P	6969P	Americas	BR	Brazil	Piauí	NA	MHOM	NA	0.00391181102221039	0	
SRR20748458	MHOM/BR/2017/7011P	7011P	NA	7011P	7011P	Americas	BR	Brazil	Piauí	Teresina	MHOM	Homo sapiens	3.83952241596142	4	
SRR20748457	MHOM/BR/2017/7012P	7012P	NA	7012P	7012P	Americas	BR	Brazil	Piauí	Teresina	MHOM	Homo sapiens	4.06148749998139	4	
SRR20748456	MHOM/BR/NA/6969P	6969P	NA	7015P	7015P	Americas	BR	Brazil	Piauí	NA	MHOM	NA	0	0	
SRR20748455	MHOM/BR/2017/7024P	7024P	NA	7024P	7024P	Americas	BR	Brazil	Piauí	Piripiri	MHOM	Homo sapiens	3.64864044435569	4	
SRR20748446	MHOM/BR/NA/MA07C	MA07C	NA	MA07C	MA07C	Americas	BR	Brazil	Maranhão	NA	MHOM	Homo sapiens	3.43177506266154	3	
SRR20748444	MHOM/BR/NA/MG15C	MG15C	NA	MG15C	MG15C	Americas	BR	Brazil	Minas Gerais	NA	MHOM	Homo sapiens	0	0	
SRR20748443	MHOM/BR/NA/MG16C	MG16C	NA	MG16C	MG16C	Americas	BR	Brazil	Minas Gerais	NA	MHOM	Homo sapiens	0.0121842131159967	0	
SRR20748442	MHOM/BR/NA/MG18C	MG18C	NA	MG18C	MG18C	Americas	BR	Brazil	Minas Gerais	NA	MHOM	Homo sapiens	0.00720254169502936	0	
SRR20748441	MHOM/BR/1996/NDI-002	NDI-002	NA	NDI_002	NDI_002	Americas	BR	Brazil	Piauí	NA	MHOM	NA	0	0	
SRR20748440	MHOM/BR/1996/NDI-004	NDI-004	NA	NDI_004	NDI-004	Americas	BR	Brazil	Piauí	NA	MHOM	NA	0	0	
SRR20748439	MHOM/BR/1996/NDI-005	NDI-005	NA	NDI_005	NDI-005	Americas	BR	Brazil	Piauí	NA	MHOM	NA	0	0	
SRR20748437	MHOM/BR/1997/NDI-007	NDI-007	NA	NDI_007	NDI-007	Americas	BR	Brazil	Piauí	NA	MHOM	NA	0	0	
SRR20748436	MHOM/BR/1997/NDI-009	NDI-009	NA	NDI_009	NDI-009	Americas	BR	Brazil	Piauí	NA	MHOM	NA	0	0	
SRR20748435	MHOM/BR/1997/NDI-010	NDI-010	NA	NDI_010	NDI-010	Americas	BR	Brazil	Piauí	NA	MHOM	NA	0	0	
SRR20748434	MHOM/BR/1997/NDI-011	NDI-011	NA	NDI_011	NDI-011	Americas	BR	Brazil	Piauí	NA	MHOM	NA	0	0	
SRR20748433	MHOM/BR/1997/NDI-017	NDI-017	NA	NDI_017	NDI-017	Americas	BR	Brazil	Piauí	NA	MHOM	NA	0	0	
SRR20748432	MHOM/BR/1997/NDI-018	NDI-018	NA	NDI_018	NDI-018	Americas	BR	Brazil	Piauí	NA	MHOM	NA	0	0	
SRR20748431	MHOM/BR/1997/NDI-020	NDI-020	NA	NDI_020	NDI-020	Americas	BR	Brazil	Piauí	NA	MHOM	NA	0	0	
SRR20748430	MHOM/BR/1997/NDI-022	NDI-022	NA	NDI_022	NDI-022	Americas	BR	Brazil	Piauí	NA	MHOM	NA	0	0	
SRR20748429	MHOM/BR/1997/NDI-033	NDI-033	NA	NDI_033	NDI-033	Americas	BR	Brazil	Piauí	NA	MHOM	NA	0	0	
SRR20748428	MHOM/BR/1997/NDI-034	NDI-034	NA	NDI_034	NDI-034	Americas	BR	Brazil	Piauí	NA	MHOM	NA	0	0	
SRR20748426	MHOM/BR/NA/NDI-036ES	NDI-036ES	NA	NDI_036ES	NDI-036ES	Americas	BR	Brazil	Espírito Santo	NA	MHOM	NA	0	0	
SRR20748425	MHOM/BR/NA/NDI-044ES	NDI-044ES	NA	NDI_044ES	NDI-044ES	Americas	BR	Brazil	Espírito Santo	NA	MHOM	NA	0	0	
SRR20748424	MHOM/BR/1997/NDI-048	NDI-048	NA	NDI_048	NDI-048	Americas	BR	Brazil	Piauí	NA	MHOM	NA	0	0	
SRR20748423	MHOM/BR/1997/NDI-050	NDI-050	NA	NDI_050	NDI-050	Americas	BR	Brazil	Piauí	NA	MHOM	NA	0	0	
SRR20748422	MHOM/BR/1997/NDI-051	NDI-051	NA	NDI_051	NDI-051	Americas	BR	Brazil	Piauí	NA	MHOM	NA	0	0	
SRR20748421	MHOM/BR/1997/NDI-052	NDI-052	NA	NDI_052	NDI-052	Americas	BR	Brazil	Piauí	NA	MHOM	NA	0	0	
SRR20748420	MHOM/BR/NA/NDI-053ES	NDI-053ES	NA	NDI_053ES	NDI-053ES	Americas	BR	Brazil	Espírito Santo	NA	MHOM	NA	0	0	
SRR20748419	MHOM/BR/1997/NDI-054	NDI-054	NA	NDI_054	NDI-054	Americas	BR	Brazil	Piauí	NA	MHOM	NA	0	0	
SRR20748418	MHOM/BR/1997/NDI-055	NDI-055	NA	NDI_055	NDI-055	Americas	BR	Brazil	Piauí	NA	MHOM	NA	1.78151560425284	2	
SRR20748417	MHOM/BR/1997/NDI-056	NDI-056	NA	NDI_056	NDI-056	Americas	BR	Brazil	Piauí	NA	MHOM	NA	0	0	
SRR20748383	MHOM/BR/1998/NDI-060	NDI-060	NA	NDI_060	NDI-060	Americas	BR	Brazil	Piauí	NA	MHOM	NA	0	0	
SRR20748382	MHOM/BR/1998/NDI-064	NDI-064	NA	NDI_064	NDI-064	Americas	BR	Brazil	Piauí	NA	MHOM	NA	0	0	
SRR20748381	MHOM/BR/NA/PI02C	PI02C	NA	PI02C	PI02C	Americas	BR	Brazil	Piauí	NA	MHOM	Homo sapiens	0.00267547298751933	0	
SRR20748380	MHOM/BR/NA/PI03C	PI03C	NA	PI03C	PI03C	Americas	BR	Brazil	Piauí	NA	MHOM	Homo sapiens	0.0254336136621672	0	
SRR20748379	MHOM/BR/NA/PI12C	PI12C	NA	PI12C	PI12C	Americas	BR	Brazil	Piauí	NA	MHOM	Homo sapiens	3.850941756868	4	
SRR20748378	MHOM/BR/1995/UB105	UB105	NA	UB105	UB105	Americas	BR	Brazil	Minas Gerais	Montes Claros	MHOM	Homo sapiens	0.169530418158793	0	
SRR20748377	MHOM/BR/NA/UB107BA	UB107BA	NA	UB107BA	UB107BA	Americas	BR	Brazil	Bahia	NA	MHOM	Homo sapiens	0	0	
SRR20748376	MHOM/BR/NA/UB109BA	UB109BA	NA	UB109BA	UB109BA	Americas	BR	Brazil	Bahia	NA	MHOM	Homo sapiens	1.66973462878311	2	
SRR20748375	MHOM/BR/1995/UB124	UB124	NA	UB124	UB124	Americas	BR	Brazil	Minas Gerais	Montes Claros	MHOM	Homo sapiens	3.67433848285824	4	
SRR20748374	MHOM/BR/1995/UB126	UB126	NA	UB126	UB126	Americas	BR	Brazil	Minas Gerais	Porteirinha	MHOM	Homo sapiens	6.75E-04	0	
SRR20748372	MHOM/BR/1995/UB128	UB128	NA	UB128	UB128	Americas	BR	Brazil	Minas Gerais	Montes Claros	MHOM	Homo sapiens	0	0	
SRR20748371	MHOM/BR/1995/UB129	UB129	NA	UB129	UB129	Americas	BR	Brazil	Minas Gerais	Montes Claros	MHOM	Homo sapiens	0	0	
SRR20748370	MHOM/BR/NA/UB131ES	UB131ES	NA	UB131ES	UB131ES	Americas	BR	Brazil	Espírito Santo	NA	MHOM	Homo sapiens	0	0	
SRR20748369	MHOM/BR/1995/UB132	UB132	NA	UB132	UB132	Americas	BR	Brazil	Minas Gerais	Montes Claros	MHOM	Homo sapiens	0	0	
SRR20748368	MHOM/BR/1996/UB148	UB148	NA	UB148	UB148	Americas	BR	Brazil	Minas Gerais	Montes Claros	MHOM	Homo sapiens	0.0290803793073973	0	
SRR20748367	MHOM/BR/1996/UB149	UB149	NA	UB149	UB149	Americas	BR	Brazil	Minas Gerais	Montes Claros	MHOM	Homo sapiens	0	0	
SRR20748366	MHOM/BR/NA/UB151BA	UB151BA	NA	UB151BA	UB151BA	Americas	BR	Brazil	Bahia	NA	MHOM	Homo sapiens	0.176832019345243	0	
SRR20748365	MHOM/BR/1996/UB156	UB156	NA	UB156	UB156	Americas	BR	Brazil	Minas Gerais	Montes Claros	MHOM	Homo sapiens	0	0	
SRR20748364	MHOM/BR/1996/UB157	UB157	NA	UB157	UB157	Americas	BR	Brazil	Minas Gerais	Capitão Eneas	MHOM	Homo sapiens	0	0	
SRR20748363	MHOM/BR/1996/UB159	UB159	NA	UB159	UB159	Americas	BR	Brazil	Minas Gerais	Montes Claros	MHOM	Homo sapiens	0.00466428030167759	0	
SRR20748361	MHOM/BR/1996/UB162	UB162	NA	UB162	UB162	Americas	BR	Brazil	Minas Gerais	Montes Claros	MHOM	Homo sapiens	0	0	
SRR20748360	MHOM/BR/1996/UB163	UB163	NA	UB163	UB163	Americas	BR	Brazil	Minas Gerais	Montes Claros	MHOM	Homo sapiens	0	0	
SRR20748359	MHOM/BR/1996/UB164	UB164	NA	UB164	UB164	Americas	BR	Brazil	Minas Gerais	Mato Verde	MHOM	Homo sapiens	0	0	
SRR20748358	MHOM/BR/1996/UB166	UB166	NA	UB166	UB166	Americas	BR	Brazil	Minas Gerais	Pirapora	MHOM	Homo sapiens	0.056022864629567	0	
SRR20748357	MHOM/BR/NA/UB174ES	UB174ES	NA	UB174ES	UB174ES	Americas	BR	Brazil	Espírito Santo	NA	MHOM	Homo sapiens	0	0	
SRR20748356	MHOM/BR/NA/UB179ES	UB179ES	NA	UB179ES	UB179ES	Americas	BR	Brazil	Espírito Santo	NA	MHOM	Homo sapiens	0.00599607815943264	0	
SRR20748355	MHOM/BR/1996/UB184	UB184	NA	UB184	UB184	Americas	BR	Brazil	Minas Gerais	Montes Claros	MHOM	Homo sapiens	0	0	
SRR20748354	MHOM/BR/1996/UB186	UB186	NA	UB186	UB186	Americas	BR	Brazil	Minas Gerais	Montes Claros	MHOM	Homo sapiens	0	0	
SRR20748353	MHOM/BR/NA/UB188BA	UB188BA	NA	UB188BA	UB188BA	Americas	BR	Brazil	Bahia	NA	MHOM	Homo sapiens	0	0	
SRR20748324	MHOM/BR/NA/UB190ES	UB190ES	NA	UB190ES	UB190ES	Americas	BR	Brazil	Espírito Santo	NA	MHOM	Homo sapiens	0	0	
SRR20748322	MHOM/BR/1996/UB194	UB194	NA	UB194	UB194	Americas	BR	Brazil	Minas Gerais	Capitão Eneas	MHOM	Homo sapiens	0.232636288095023	0	
SRR20748321	MHOM/BR/1997/UB203	UB203	NA	UB203	UB203	Americas	BR	Brazil	Minas Gerais	Francisco Sá	MHOM	Homo sapiens	0	0	
SRR20748310	MCAN/PY/2009/EG15	EG15	IOCL 3095	3095	EG15	Americas	PY	Paraguay	NA	NA	MCAN	Dog	0	0	DUPLICATE
SRR20748451	MCAN/UY/2015/bCH11	bCH11	NA	bCH11	bCH11	Americas	UY	Uruguay	NA	NA	MCAN	NA	0	0	DUPLICATE
SRR20748450	MCAN/UY/2015/bPL7	bPL7	NA	bPL7	D4	Americas	UY	Uruguay	NA	NA	MCAN	NA	0	0	DUPLICATE
SRR20748448	MCAN/UY/2015/gCH2	gCH2	NA	gCH2	gCH2	Americas	UY	Uruguay	NA	NA	MCAN	NA	0	0	DUPLICATE
SRR20748447	MCAN/UY/2015/gPL8	gPL8	NA	gPL8	gPL8	Americas	UY	Uruguay	NA	NA	MCAN	NA	0.0394153222296938	0	DUPLICATE
SRR20748445	MCAN/UY/2015/mCO8	mCO8	NA	mCO2	mCO2	Americas	UY	Uruguay	NA	NA	MCAN	NA	0	0	DUPLICATE
SRR20748463	MNYT/CN/80/RACOONDOG	RACOONDOG	NA	666M	RACOONDOG	Central.East.Asia	CN	China	Miyun	NA	MNYT	Nyctomys procyonoides	3.59634240806927	4	
SRR20748453	MHOM/CN/79/STRAIN-B	STRAIN-B	NA	970M	STRAIN-B	Central.East.Asia	CN	China	Shandong	NA	MHOM	Homo sapiens	3.01344877900073	3	
SRR20748464	MHOM/GE/2013/SAN1	SAN1	NA	6460M	SAN1	Central.East.Asia	GE	Georgia	NA	NA	MHOM	Homo sapiens	3.58377064525071	4	DUPLICATE
SRR20748472	MCAN/UZ/2007/LRC-L1308	LRC-L1308	NA	5536M	LRC-L1308	Central.East.Asia	UZ	Uzbekistan	Namangan Region	NA	MCAN	Canis familiaris	3.92054077451714	4	
SRR20748470	MCAN/UZ/2007/LRC-L1309	LRC-L1309	NA	5537M	LRC-L1309	Central.East.Asia	UZ	Uzbekistan	Namangan Region	NA	MCAN	Canis familiaris	3.80644558638974	4	
SRR20748469	MCAN/UZ/2007/LRC-L1310	LRC-L1310	NA	5538M	LRC-L1310	Central.East.Asia	UZ	Uzbekistan	Namangan Region	NA	MCAN	Canis familiaris	3.74827028897386	4	
SRR20748480	MCAN/AL/98/C78L574-2	C78L574-2	NA	3895M	C78L574-2	Europe	AL	Albania	Tirana	NA	MCAN	Canis familiaris	3.84813918877917	4	
SRR20748338	MHOM/FR/79/LEM100	LEM100	NA	100M	LEM100	Europe	FR	France	Le Vigan	NA	MHOM	Homo sapiens	4.00044746265193	4	
SRR20748478	MHOM/FR/2000/LEM4047	LEM4047	NA	4047M	LEM4047	Europe	FR	France	Sommières	NA	MHOM	Homo sapiens	4.06851043543018	4	
SRR20748452	MHOM/GR/79/LGR4	LGR4	NA	972M	LGR4	Europe	GR	Greece	Salamis	NA	MHOM	Homo sapiens	3.56727176652053	4	
SRR20748467	MHOM/IT/2010/LPN344	LPN344	NA	6049M	LPN344	Europe	IT	Italy	Naples	NA	MHOM	Homo sapiens	3.77278602661469	4	
SRR20748325	MCAN/PT/81/IMTP86	IMTP86	NA	317M	IMTP86	Europe	PT	Portugal	Lisbon	NA	MCAN	Canis familiaris	3.53570413394153	4	
SRR20748468	MHOM/ES/2009/LCB43	LCB43	NA	5796M	LCB43	Europe	ES	Spain	Madrid	NA	MHOM	Homo sapiens	3.70200277091475	4	
SRR20748474	MHOM/YU/2005/CRE149	CRE149	NA	4981M	CRE149	Europe	YU	Yugoslavia	NA	NA	MHOM	Homo sapiens	3.35849715993267	3	DUPLICATE
SRR20748333	MHOM/IR/89/EDRISS-L2	EDRISS-L2	NA	2160M	EDRISS-L2	Middle.East	IR	Islamic Republic of Iran	East Azerbaijan Province	NA	MHOM	Homo sapiens	4.04479697191964	4	
SRR20748332	MCAN/IR/91/SHABAZIL3	SHABAZIL3	NA	2286M	SHABAZIL3	Middle.East	IR	Islamic Republic of Iran	Azerbaijan	NA	MCAN	Canis familiaris	3.78388698768689	4	
SRR20748326	MCAN/IR/94/MOHEBL1	MOHEBL1	NA	3161M	MOHEBL1	Middle.East	IR	Islamic Republic of Iran	NA	NA	MCAN	Canis familiaris	4.00439369804287	4	DUPLICATE
SRR20748481	MCAN/IL/97/LRC-L719	LRC-L719	NA	3385M	LRC-L719	Middle.East	IL	Israel	Rishon Lezion	NA	MCAN	Canis familiaris	3.23394560540459	3	
SRR20748334	MCAN/SY/90/LEM2109	LEM2109	NA	2109M	LEM2109	Middle.East	SY	Syrian Arab Republic	Kassab	NA	MCAN	Canis familiaris	2.80775382059754	3	
SRR20748329	MHOM/TR/94/LPN101	LPN101	NA	2813M	LPN101	Middle.East	TR	Turkiye	Istanbul	NA	MHOM	Homo sapiens	3.72533986106157	4	
SRR20748465	MCAN/TR/2011/CBU13	CBU13	NA	6435M	CBU13	Middle.East	TR	Turkiye	Aydin	NA	MCAN	Canis familiaris	4.26607705166132	4	
SRR20748336	MCAN/YE/88/LEM1267	LEM1267	NA	1267M	LEM1267	Middle.East	YE	Yemen	Tihama	NA	MCAN	Canis familiaris	3.98887823338714	4	
SRR20748337	MHOM/EG/87/RTC2	RTC2	NA	1208M	RTC2	North.Africa	EG	Egypt	Hanovil	NA	MHOM	Homo sapiens	4.09113285983924	4	
SRR20748477	MHOM/MA/2003/TIM10	TIM10	NA	4616M	TIM10	North.Africa	MA	Morocco	Marakech	NA	MHOM	Homo sapiens	3.6529458264182	4	
SRR20748475	MHOM/MA/83/DPPE4	DPPE4	NA	481M	DPPE4	North.Africa	MA	Morocco	Rabat	NA	MHOM	Homo sapiens	3.53418471135793	4	
SRR20748331	MHOM/TN/80/IPT1	IPT1	NA	235M	IPT1	North.Africa	TN	Tunisia	Monastir	NA	MHOM	Homo sapiens	3.70408170060488	4	
SRR20748479	MHOM/TN/2000/TUM56	TUM56	NA	4022M	TUM56	North.Africa	TN	Tunisia	Monastir	NA	MHOM	Homo sapiens	3.96515650401285	4	
ERR984216	MCAN/BR/XX/S1	S1	NA	ERR984216	Linf_S1-sc-2275875	Americas	BR	Brazil	NA	NA	MCAN	NA	0	0	DUPLICATE
ERR984219	MCAN/BR/XX/S4	S4	NA	ERR984219	Linf_S4-sc-2275878	Americas	BR	Brazil	NA	NA	MCAN	NA	0	0	DUPLICATE
ERR984220	MCAN/BR/XX/S6	S6	NA	ERR984220	Linf_S5-sc-2275879	Americas	BR	Brazil	NA	NA	MCAN	NA	0	0	DUPLICATE
ERR205776	MHOM/BR/2007/ARL	ARL	NA	ERR205776	ARL	Europe	BR	Spain	Madrid	NA	MHOM	NA	3.81098459260173	4	
ERR205800	MHOM/BR/2007/WC	WC	NA	ERR205800	WC	Americas	BR	Brazil	Rio de Janeiro	NA	MHOM	Human	0.0129577389173579	0	
ERR3550120	MHOM/BR/1974/PP75	PP75	NA	ERR3550120	Cha001	Americas	BR	Brazil	Bahia	Ituaçu	MHOM	Human	9.88E-04	0	
SRR6369656	MCAN/BR/2015/TUBO9	TUBO9	IOCL 3598	SRR6369656	Linf_02A	Americas	BR	Brazil	NA	NA	MCAN	NA	0.00131447063886095	0	DUPLICATE
SRR7970013	MHOM/BR/NA/MA03A	MA03A	NA	SRR7970013	MA03A	Americas	BR	Brazil	Maranhão	NA	MHOM	Homo sapiens	3.78837407203122	4	
SRR7970014	MHOM/BR/NA/MA04A	MA04A	NA	SRR7970014	MA04A	Americas	BR	Brazil	Maranhão	NA	MHOM	Homo sapiens	0.0029999674532029	0	
SRR7970015	MHOM/BR/NA/MA01A	MA01A	NA	SRR7970015	MA01A	Americas	BR	Brazil	Maranhão	NA	MHOM	Homo sapiens	4.03431855562829	4	
SRR7970016	MHOM/BR/NA/MA02A	MA02A	NA	SRR7970016	MA02A	Americas	BR	Brazil	Maranhão	NA	MHOM	Homo sapiens	3.52796650396784	4	
SRR7970017	MHOM/BR/NA/MG11A	MG11A	NA	SRR7970017	MG11A	Americas	BR	Brazil	Minas Gerais	NA	MHOM	Homo sapiens	0.00278445217115713	0	
SRR7970018	MHOM/BR/NA/MG12A	MG12A	NA	SRR7970018	MG12A	Americas	BR	Brazil	Minas Gerais	NA	MHOM	Homo sapiens	0	0	
SRR7970019	MHOM/BR/NA/MA05A	MA05A	NA	SRR7970019	MA05A	Americas	BR	Brazil	Maranhão	NA	MHOM	Homo sapiens	3.92515908862089	4	
SRR7970020	MHOM/BR/NA/MA07A	MA07A	NA	SRR7970020	MA07A	Americas	BR	Brazil	Maranhão	NA	MHOM	Homo sapiens	0.0145994114431798	0	
SRR7970021	MHOM/BR/NA/MG13A	MG13A	NA	SRR7970021	MG13A	Americas	BR	Brazil	Minas Gerais	NA	MHOM	Homo sapiens	0.00304191235201785	0	
SRR7970022	MHOM/BR/NA/MG14A	MG14A	NA	SRR7970022	MG14A	Americas	BR	Brazil	Minas Gerais	NA	MHOM	Homo sapiens	3.88254578548605	4	
SRR7970023	MHOM/BR/NA/MG17A	MG17A	NA	SRR7970023	MG17A	Americas	BR	Brazil	Minas Gerais	NA	MHOM	Homo sapiens	0.00936716846835447	0	
SRR7970024	MHOM/BR/NA/MG18A	MG18A	NA	SRR7970024	MG18A	Americas	BR	Brazil	Minas Gerais	NA	MHOM	Homo sapiens	0.00334478203283567	0	
SRR7970025	MHOM/BR/NA/MG15A	MG15A	NA	SRR7970025	MG15A	Americas	BR	Brazil	Minas Gerais	NA	MHOM	NA	0	0	
SRR7970026	MHOM/BR/NA/MG16A	MG16A	NA	SRR7970026	MG16A	Americas	BR	Brazil	Minas Gerais	NA	MHOM	Homo sapiens	0.0037190259504301	0	
SRR7970027	MHOM/BR/NA/PI02A	PI02A	NA	SRR7970027	PI02A	Americas	BR	Brazil	Piauí	NA	MHOM	Homo sapiens	0	0	
SRR7970028	MHOM/BR/NA/PI03A	PI03A	NA	SRR7970028	PI03A	Americas	BR	Brazil	Piauí	NA	MHOM	Homo sapiens	0	0	
SRR7970029	MHOM/BR/NA/MG19A	MG19A	NA	SRR7970029	MG19A	Americas	BR	Brazil	Minas Gerais	NA	MHOM	Homo sapiens	4.74E-04	0	
SRR7970030	MHOM/BR/NA/PI01A	PI01A	NA	SRR7970030	PI01A	Americas	BR	Brazil	Piauí	NA	MHOM	Homo sapiens	0	0	
SRR7970031	MHOM/BR/NA/PI04A	PI04A	NA	SRR7970031	PI04A	Americas	BR	Brazil	Piauí	NA	MHOM	Homo sapiens	3.66493247416894	4	
SRR7970032	MHOM/BR/NA/PI05A	PI05A	NA	SRR7970032	PI05A	Americas	BR	Brazil	Piauí	NA	MHOM	Homo sapiens	2.72196965085744	3	
SRR7970033	MHOM/BR/NA/PI10A	PI10A	NA	SRR7970033	PI10A	Americas	BR	Brazil	Piauí	NA	MHOM	Homo sapiens	3.83581388179072	4	
SRR7970034	MHOM/BR/NA/PI09A	PI09A	NA	SRR7970034	PI09A	Americas	BR	Brazil	Piauí	NA	MHOM	Homo sapiens	3.74259923803045	4	
SRR7970035	MHOM/BR/NA/PI08A	PI08A	NA	SRR7970035	PI08A	Americas	BR	Brazil	Piauí	NA	MHOM	Homo sapiens	2.69111675282443	3	
SRR7970036	MHOM/BR/NA/PI07A	PI07A	NA	SRR7970036	PI07A	Americas	BR	Brazil	Piauí	NA	MHOM	Homo sapiens	4.03172165328683	4	
SRR7970037	MHOM/BR/NA/PI12A	PI12A	NA	SRR7970037	PI12A	Americas	BR	Brazil	Piauí	NA	MHOM	Homo sapiens	3.85307050740583	4	
SRR7970038	MHOM/BR/NA/PI11A	PI11A	NA	SRR7970038	PI11A	Americas	BR	Brazil	Piauí	NA	MHOM	Homo sapiens	0	0	
SRR8842312	MCER/BR/1981/M6445/Salvaterra	M6445	NA	SRR8842312	6446_Brazil.Central.America	Americas	BR	Brazil	Pará	NA	MCER	NA	0	0	
SRR10478767	MHOM/BR/NA/P2492	P2492	NA	SRR10478767	P2492	Americas	BR	Brazil	Maranhão	NA	MHOM	NA	2.12407554631198	2	
SRR10478768	MHOM/BR/NA/P1220	P1220	NA	SRR10478768	P1220	Americas	BR	Brazil	Maranhão	NA	MHOM	NA	0	0	
SRR10478769	MHOM/BR/NA/P1213	P1213	NA	SRR10478769	P1213	Americas	BR	Brazil	Piauí	NA	MHOM	NA	0	0	
SRR10478770	MHOM/BR/NA/P2145	P2145	NA	SRR10478770	P2145	Americas	BR	Brazil	Piauí	NA	MHOM	NA	2.10902642833697	2	
SRR10478771	MHOM/BR/NA/P2008	P2008	NA	SRR10478771	P2008	Americas	BR	Brazil	Piauí	NA	MHOM	NA	4.15379700438281	4	
SRR10478772	MHOM/BR/NA/P1801	P1801	NA	SRR10478772	P1801	Americas	BR	Brazil	Maranhão	NA	MHOM	NA	2.51719460539589	3	
SRR10478773	MHOM/BR/NA/P1798	P1798	NA	SRR10478773	P1798	Americas	BR	Brazil	Piauí	NA	MHOM	NA	0	0	
SRR10478774	MHOM/BR/NA/P1689	P1689	NA	SRR10478774	P1689	Americas	BR	Brazil	Maranhão	NA	MHOM	NA	0	0	
SRR10478775	MHOM/BR/NA/P1661	P1661	NA	SRR10478775	P1661	Americas	BR	Brazil	Piauí	NA	MHOM	NA	0.0012481203845597	0	
SRR10478776	MHOM/BR/NA/P1470	P1470	NA	SRR10478776	P1470	Americas	BR	Brazil	Maranhão	NA	MHOM	NA	0.937130263101835	1	
SRR10478777	MHOM/BR/NA/P3171	P3171	NA	SRR10478777	P3171	Americas	BR	Brazil	Piauí	NA	MHOM	NA	4.24778164129886	4	
SRR10478778	MHOM/BR/NA/P3170	P3170	NA	SRR10478778	P3170	Americas	BR	Brazil	Maranhão	NA	MHOM	NA	2.91711183052912	3	
SRR10478779	MHOM/BR/NA/P3169	P3169	NA	SRR10478779	P3169	Americas	BR	Brazil	Piauí	NA	MHOM	NA	0	0	
SRR10478780	MHOM/BR/NA/P3167	P3167	NA	SRR10478780	P3167	Americas	BR	Brazil	Piauí	NA	MHOM	NA	0	0	
SRR10478781	MHOM/BR/NA/P3153	P3153	NA	SRR10478781	P3153	Americas	BR	Brazil	Piauí	NA	MHOM	NA	4.20821251036671	4	
SRR10478782	MHOM/BR/NA/P3151	P3151	NA	SRR10478782	P3151	Americas	BR	Brazil	Piauí	NA	MHOM	NA	2.06116291984121	2	
SRR10478783	MHOM/BR/NA/P3149	P3149	NA	SRR10478783	P3149	Americas	BR	Brazil	Maranhão	NA	MHOM	NA	4.26832870875802	4	
SRR10478784	MHOM/BR/NA/P3148	P3148	NA	SRR10478784	P3148	Americas	BR	Brazil	Maranhão	NA	MHOM	NA	4.08503611903096	4	
SRR10478786	MHOM/BR/NA/P3130	P3130	NA	SRR10478786	P3130	Americas	BR	Brazil	Piauí	NA	MHOM	NA	4.19370180712115	4	
SRR10478787	MHOM/BR/NA/P1255	P1255	NA	SRR10478787	P1255	Americas	BR	Brazil	Maranhão	NA	MHOM	NA	0	0	
SRR10478788	MHOM/BR/NA/P3116	P3116	NA	SRR10478788	P3116	Americas	BR	Brazil	Maranhão	NA	MHOM	NA	2.27196846125973	2	
SRR10478789	MHOM/BR/NA/P3113	P3113	NA	SRR10478789	P3113	Americas	BR	Brazil	Maranhão	NA	MHOM	NA	2.41996268843212	2	
SRR10478790	MHOM/BR/NA/P3097	P3097	NA	SRR10478790	P3097	Americas	BR	Brazil	Piauí	NA	MHOM	NA	0.0595868844606802	0	
SRR10478792	MHOM/BR/NA/P2914	P2914	NA	SRR10478792	P2914	Americas	BR	Brazil	Maranhão	NA	MHOM	NA	2.00371329531056	2	
SRR10478793	MHOM/BR/NA/P2765	P2765	NA	SRR10478793	P2765	Americas	BR	Brazil	Piauí	NA	MHOM	NA	3.96286947792466	4	
SRR10478795	MHOM/BR/NA/P2527	P2527	NA	SRR10478795	P2527	Americas	BR	Brazil	Piauí	NA	MHOM	NA	9.85E-04	0	
SRR10478796	MHOM/BR/NA/P2525	P2525	NA	SRR10478796	P2525	Americas	BR	Brazil	Maranhão	NA	MHOM	NA	0	0	
SRR12506670	MCAN/BR/2009/PATETA	PATETA	IOCL 3136	SRR12506670	Del_MT_3136	Americas	BR	Brazil	Mato Grosso	NA	MCAN	NA	0	0	
SRR12506671	MCAN/BR/2010/CA4	CA4	IOCL 3381	SRR12506671	Del_MG_3381	Americas	BR	Brazil	Minas Gerais	NA	MCAN	NA	0.0843741434402872	0	
SRR12506672	MCAN/BR/2010/CA3	CA3	IOCL 3380	SRR12506672	Del_MG_3380	Americas	BR	Brazil	Minas Gerais	NA	MCAN	NA	0	0	
SRR12506673	MCAN/BR/2010/CA2	CA2	IOCL 3379	SRR12506673	Del_MG_3379	Americas	BR	Brazil	Minas Gerais	NA	MCAN	NA	0	0	
SRR12506674	MHOM/BR/2007/ARL	ARL	NA	SRR12506674	NonDel_ES_JPCM5	Europe	BR	Spain	Madrid	NA	MHOM	NA	3.78858748536776	4	
SRR12506677	MHOM/BR/2005/742EMS	742EMS	IOCL 2972	SRR12506677	NonDel_PI_2972	Americas	BR	Brazil	Piauí	NA	MHOM	Human	3.83041602068622	4	
SRR12506678	MCAN/BR/2010/CALSITO-I	CALSITO-I	IOCL 3210	SRR12506678	NonDel_MT_3210	Americas	BR	Brazil	Mato Grosso	NA	MCAN	NA	3.94287578604473	4	
SRR12506679	MCAN/BR/2007/CG-2	CG-2	IOCL 3035	SRR12506679	NonDel_MS_3035	Americas	BR	Brazil	Mato Grosso do Sul	NA	MCAN	NA	4.3710259398401	4	
SRR12506680	MHOM/BR/2007/ARL	ARL	IOCL 2935	SRR12506680	NonDel_MS_2935	Europe	BR	Spain	Madrid	NA	MHOM	NA	3.65710469861086	4	
SRR12506681	MHOM/BR/2003/phufms-155	phufms-155	IOCL 2702	SRR12506681	NonDel_MS_2702	Americas	BR	Brazil	Mato Grosso do Sul	NA	MHOM	NA	3.82509314721714	4	
SRR12506682	MCAN/BR/2002/LVV-145	LVV-145	IOCL 2671	SRR12506682	NonDel_MS_2671	Americas	BR	Brazil	Mato Grosso do Sul	NA	MCAN	NA	4.76012402511519	4	
SRR12506683	MCAN/BR/2010/CA1	CA1	IOCL 3378	SRR12506683	Del_MG_3378	Americas	BR	Brazil	Minas Gerais	NA	MCAN	NA	0	0	
SRR12506684	MCAN/BR/2002/LVV-140	LVV-140	IOCL 2669	SRR12506684	NonDel_MS_2669	Americas	BR	Brazil	Mato Grosso do Sul	NA	MCAN	NA	3.59818628693556	4	
SRR12506685	MCAN/BR/2002/LVV-139	LVV-139	IOCL 2668	SRR12506685	NonDel_MS_2668	Americas	BR	Brazil	Mato Grosso do Sul	Três Lagoas	MCAN	Dog	3.34201824833948	3	
SRR12506686	MCAN/BR/2002/LVV-137	LVV-137	IOCL 2666	SRR12506686	NonDel_MS_2666	Americas	BR	Brazil	Mato Grosso do Sul	Três Lagoas	MCAN	Dog	4.66446014644346	4	
SRR12506687	MCAN/BR/2002/LVV-136	LVV-136	IOCL 2665	SRR12506687	NonDel_MS_2665	Americas	BR	Brazil	Mato Grosso do Sul	NA	MCAN	NA	3.2594681218313	3	
SRR12506688	MCAN/BR/2002/LVV-135	LVV-135	IOCL 2664	SRR12506688	NonDel_MS_2664	Americas	BR	Brazil	Mato Grosso do Sul	Campo Grande	MCAN	Dog	3.86875748991947	4	
SRR12506689	MCAN/BR/2003/HUGER	HUGER	IOCL 2569	SRR12506689	NonDel_MS_2569	Americas	BR	Brazil	Mato Grosso do Sul	NA	MCAN	NA	3.29478738705445	3	
SRR12506690	MCAN/BR/2009/CLV17	CLV17	IOCL 3254	SRR12506690	HTZ_SP_3254	Americas	BR	Brazil	São Paulo	NA	MCAN	NA	1.83691710509028	2	
SRR12506691	MCAN/BR/2004/LIBPI-18	LIBPI-18	IOCL 2949	SRR12506691	HTZ_PI_2949	Americas	BR	Brazil	Piauí	NA	MCAN	NA	2.22833093046134	2	
SRR12506692	MCAN/BR/2010/GUG	GUG	IOCL 3224	SRR12506692	HTZ_MT_3224	Americas	BR	Brazil	Mato Grosso	NA	MCAN	NA	1.86011607452689	2	
SRR12506693	MCAN/BR/2009/SOL	SOL	IOCL 3137	SRR12506693	HTZ_MT_3137	Americas	BR	Brazil	Mato Grosso	NA	MCAN	NA	2.26352858267712	2	
SRR12506694	MCAN/BR/2008/CP-18	CP-18	IOCL 3068	SRR12506694	Del_ES_3068	Americas	BR	Brazil	Espírito Santo	NA	MCAN	NA	0	0	
SRR12506695	MCAN/BR/2009/GRANDÃO-II	GRANDÃO-II	IOCL 3135	SRR12506695	HTZ_MT_3135	Americas	BR	Brazil	Mato Grosso	NA	MCAN	NA	1.48762554110653	1	
SRR12506696	MCAN/BR/2009/GRANDÃO-I	GRANDÃO-I	IOCL 3134	SRR12506696	HTZ_MT_3134	Americas	BR	Brazil	Mato Grosso	NA	MCAN	NA	1.80802188061685	2	
SRR12506697	MCAN/BR/2011/IMTS-14	IMTS-14	IOCL 3257	SRR12506697	Del_SP_3257	Americas	BR	Brazil	São Paulo	NA	MCAN	NA	0	0	
SRR12506698	MCAN/BR/2009/CLV22	CLV22	IOCL 3256	SRR12506698	Del_SP_3256	Americas	BR	Brazil	São Paulo	NA	MCAN	NA	0	0	
SRR12506699	MCAN/BR/2009/CLV9	CLV9	IOCL 3250	SRR12506699	Del_SP_3250	Americas	BR	Brazil	São Paulo	Embu das Artes	MCAN	Dog	0	0	
SRR12506700	MCAN/BR/2010/LUNA-II	LUNA-II	IOCL 3196	SRR12506700	Del_RS_3196	Americas	BR	Brazil	Rio Grande do Sul	NA	MCAN	NA	0	0	
SRR12506701	MCAN/BR/2011/PV-128	PV-128	IOCL 3335	SRR12506701	Del_RN_3335	Americas	BR	Brazil	Rio Grande do Norte	NA	MCAN	NA	0	0	
SRR12506702	MCAN/BR/2010/PV75	PV75	IOCL 3187	SRR12506702	Del_RN_3187	Americas	BR	Brazil	Rio Grande do Norte	NA	MCAN	NA	0	0	
SRR12506703	MCAN/BR/2010/PV74	PV74	IOCL 3186	SRR12506703	Del_RN_3186	Americas	BR	Brazil	Rio Grande do Norte	NA	MCAN	NA	0.00314386248607733	0	
SRR12506705	MHOM/BR/2005/HRNS-1	HRNS-1	IOCL 2789	SRR12506705	Del_ES_2789	Americas	BR	Brazil	Espírito Santo	Rio Novo do Sul	MHOM	Human	0	0	
SRR12506706	MCAN/BR/2010/PV72	PV72	IOCL 3184	SRR12506706	Del_RN_3184	Americas	BR	Brazil	Rio Grande do Norte	NA	MCAN	NA	0	0	
SRR12506707	MCAN/BR/2010/PV71	PV71	IOCL 3183	SRR12506707	Del_RN_3183	Americas	BR	Brazil	Rio Grande do Norte	NA	MCAN	NA	0	0	
SRR12506708	MCAN/BR/2010/PV69	PV69	IOCL 3182	SRR12506708	Del_RN_3182	Americas	BR	Brazil	Rio Grande do Norte	NA	MCAN	NA	0	0	
SRR12506709	MCAN/BR/2010/PV65	PV65	IOCL 3178	SRR12506709	Del_RN_3178	Americas	BR	Brazil	Rio Grande do Norte	NA	MCAN	NA	0	0	
SRR12506710	MCAN/BR/2010/PV64	PV64	IOCL 3177	SRR12506710	Del_RN_3177	Americas	BR	Brazil	Rio Grande do Norte	NA	MCAN	NA	0	0	
SRR12506711	MCAN/BR/2010/PV63	PV63	IOCL 3176	SRR12506711	Del_RN_3176	Americas	BR	Brazil	Rio Grande do Norte	NA	MCAN	NA	0	0	
SRR12506712	MCAN/BR/2016/89	89	IOCL 3635	SRR12506712	Del_RJ_3635	Americas	BR	Brazil	Rio de Janeiro	NA	MCAN	NA	0.00130771393679951	0	
SRR12506713	MCAN/BR/2016/90	90	IOCL 3634	SRR12506713	Del_RJ_3634	Americas	BR	Brazil	Rio de Janeiro	Barra Mansa	MCAN	Dog	0.00584271502210753	0	
SRR12506714	MCAN/BR/2015/TUBO9	TUBO9	IOCL 3598	SRR12506714	Del_RJ_3598	Americas	BR	Brazil	Rio de Janeiro	NA	MCAN	NA	0	0	
SRR12506715	MCAN/BR/2007/LIBPI-50	LIBPI-50	IOCL 3037	SRR12506715	Del_PI_3037	Americas	BR	Brazil	Piauí	NA	MCAN	NA	0	0	
SRR12506716	MHOM/BR/2005/DRD	DRD	IOCL 2788	SRR12506716	Del_ES_2788	Americas	BR	Brazil	Espírito Santo	NA	MHOM	NA	0	0	
SRR12506718	MCAN/BR/2010/MAGRÃO	MAGRÃO	IOCL 3227	SRR12506718	Del_MT_3227	Americas	BR	Brazil	Mato Grosso	NA	MCAN	NA	0	0	
SRR12506719	MCAN/BR/2010/CHITARA-I	CHITARA-I	IOCL 3225	SRR12506719	Del_MT_3225	Americas	BR	Brazil	Mato Grosso	NA	MCAN	NA	0	0	
SRR12506720	MCAN/BR/2010/BOLINHA-III	BOLINHA-III	IOCL 3223	SRR12506720	Del_MT_3223	Americas	BR	Brazil	Mato Grosso	NA	MCAN	NA	0	0	
SRR12506721	MCAN/BR/2010/TITÃ-I	TITÃ-I	IOCL 3219	SRR12506721	Del_MT_3219	Americas	BR	Brazil	Mato Grosso	NA	MCAN	NA	0	0	
SRR12506722	MCAN/BR/2010/MEG	MEG	IOCL 3214	SRR12506722	Del_MT_3214	Americas	BR	Brazil	Mato Grosso	Cuiabá	MCAN	Dog	0	0	
SRR12506723	MCAN/BR/2010/DIMY-I	DIMY-I	IOCL 3212	SRR12506723	Del_MT_3212	Americas	BR	Brazil	Mato Grosso	NA	MCAN	NA	0	0	
SRR12506724	MCAN/BR/2010/ROBI	ROBI	IOCL 3209	SRR12506724	Del_MT_3209	Americas	BR	Brazil	Mato Grosso	NA	MCAN	NA	0	0	
SRR12506725	MCAN/BR/2010/ZEUS	ZEUS	IOCL 3208	SRR12506725	Del_MT_3208	Americas	BR	Brazil	Mato Grosso	NA	MCAN	NA	0.0144814554844171	0	
SRR12506726	MCAN/BR/2009/BRONCRIS	BRONCRIS	IOCL 3138	SRR12506726	Del_MT_3138	Americas	BR	Brazil	Mato Grosso	Rondonópolis	MCAN	Dog	0	0	
SRR12506727	MCAN/BR/2005/NMT-DF544MO	NMT-DF544MO	IOCL 2919	SRR12506727	Del_DF_2919	Americas	BR	Brazil	Distrito Federal	NA	MCAN	NA	0	0	
SRR12506728	MHOM/BR/2006/NMT-HUB402982MO	NMT-HUB402982MO	IOCL 2898	SRR12506728	Del_DF_2898	Americas	BR	Brazil	Distrito Federal	NA	MHOM	NA	0	0	
SRR13744648	MHOM/BR/2006/1255	1255	NA	1255	1255	Americas	BR	Brazil	Maranhão	Timon	MHOM	Homo sapiens	0	0	
SRR13744637	MHOM/BR/2016/1661	1661	NA	1661	1661	Americas	BR	Brazil	Piauí	Floriano	MHOM	Homo sapiens	0.0012481203845597	0	
SRR13744626	MHOM/BR/2016/1689	1689	NA	1689	1689	Americas	BR	Brazil	Maranhão	Aldeias Altas	MHOM	Homo sapiens	0	0	
SRR13744615	MHOM/BR/2016/1798	1798	NA	1798	1798	Americas	BR	Brazil	Piauí	Piracuruca	MHOM	Homo sapiens	0	0	
SRR13744604	MHOM/BR/2016/1801	1801	NA	1801	1801	Americas	BR	Brazil	Maranhão	Codó	MHOM	Homo sapiens	2.51719460539589	3	
SRR13744593	MHOM/BR/2016/2008	2008	NA	2008	2008	Americas	BR	Brazil	Piauí	Queimada Nova	MHOM	Homo sapiens	4.15379700438281	4	
SRR13744680	MHOM/BR/2016/2145	2145	NA	2145	2145	Americas	BR	Brazil	Piauí	Floriano	MHOM	Homo sapiens	2.10902642833697	2	
SRR13744679	MHOM/BR/2016/2492	2492	NA	2492	2492	Americas	BR	Brazil	Maranhão	Codó	MHOM	Homo sapiens	2.12407554631198	2	
SRR13744678	MHOM/BR/2016/2525	2525	NA	2525	2525	Americas	BR	Brazil	Maranhão	Timon	MHOM	Homo sapiens	0	0	
SRR13744677	MHOM/BR/2016/2527	2527	NA	2527	2527	Americas	BR	Brazil	Piauí	Elesbão Veloso	MHOM	Homo sapiens	9.85E-04	0	
SRR13744676	MHOM/BR/2016/2765	2765	NA	2765	2765	Americas	BR	Brazil	Piauí	Teresina	MHOM	Homo sapiens	3.96286947792466	4	
SRR13744675	MHOM/BR/2016/2914	2914	NA	2914	2914	Americas	BR	Brazil	Maranhão	Codó	MHOM	Homo sapiens	2.00371329531056	2	
SRR13744674	MHOM/BR/2016/2959	2959	NA	2959	2959	Americas	BR	Brazil	Piauí	Colônia do Gurguéia	MHOM	Homo sapiens	4.08683068750622	4	
SRR13744673	MHOM/BR/2016/3097	3097	NA	3097	3097	Americas	BR	Brazil	Maranhão	Codó	MHOM	Homo sapiens	0.0595868844606802	0	
SRR13744672	MHOM/BR/2016/3113	3113	NA	3113	3113	Americas	BR	Brazil	Maranhão	Codó	MHOM	Homo sapiens	2.41996268843212	2	
SRR13744671	MHOM/BR/2016/3130	3130	NA	3130	3130	Americas	BR	Brazil	Piauí	Teresina	MHOM	Homo sapiens	4.19370180712115	4	
SRR13744669	MHOM/BR/2016/3144	3144	NA	3144	3144	Americas	BR	Brazil	Piauí	Teresina	MHOM	Homo sapiens	4.19545644539253	4	
SRR13744668	MCAN/BR/2009/36-MO	36-MO	IOCL 3148	3148	36-MO	Americas	BR	Brazil	Maranhão	NA	MCAN	NA	4.08503611903096	4	
SRR13744667	MHOM/BR/2016/3149	3149	NA	3149	3149	Americas	BR	Brazil	Maranhão	Timon	MHOM	Homo sapiens	4.26832870875802	4	
SRR13744666	MHOM/BR/2016/3151	3151	NA	3151	3151	Americas	BR	Brazil	Piauí	Teresina	MHOM	Homo sapiens	2.06116291984121	2	
SRR13744665	MHOM/BR/2016/3153	3153	NA	3153	3153	Americas	BR	Brazil	Piauí	Aroazes	MHOM	Homo sapiens	4.20821251036671	4	
SRR13744664	MHOM/BR/2016/3167	3167	NA	3167	3167	Americas	BR	Brazil	Piauí	Barras	MHOM	Homo sapiens	0	0	
SRR13744663	MHOM/BR/2016/3169	3169	NA	3169	3169	Americas	BR	Brazil	Piauí	Bomfim do Piauí	MHOM	Homo sapiens	0	0	
SRR13744662	MHOM/BR/2016/3170	3170	NA	3170	3170	Americas	BR	Brazil	Maranhão	Capinzal do Norte	MHOM	Homo sapiens	2.91711183052912	3	
SRR13744661	MHOM/BR/2016/3171	3171	NA	3171	3171	Americas	BR	Brazil	Piauí	Teresina	MHOM	Homo sapiens	4.24778164129886	4	
SRR13744660	MHOM/BR/2016/3172	3172	NA	3172	3172	Americas	BR	Brazil	Piauí	Teresina	MHOM	Homo sapiens	4.18697393007396	4	
SRR13744658	MCAN/BR/2010/LARA-II	LARA-II	IOCL 3175	3175	3175	Americas	BR	Brazil	Maranhão	NA	MCAN	NA	0	0	
SRR13744657	MHOM/BR/2016/3181	3181	NA	3181	3181	Americas	BR	Brazil	Maranhão	São João dos Patos	MHOM	Homo sapiens	0	0	
SRR13744656	MHOM/BR/2016/3182	3182	NA	3182	3182	Americas	BR	Brazil	Maranhão	Bernardo do Mearim	MHOM	Homo sapiens	0	0	
SRR13744655	MHOM/BR/2016/3186	3186	NA	3186	3186	Americas	BR	Brazil	Piauí	Monte Alegre	MHOM	Homo sapiens	0	0	
SRR13744654	MHOM/BR/2016/3187	3187	NA	3187	3187	Americas	BR	Brazil	Piauí	Batalha	MHOM	Homo sapiens	4.11766820462674	4	
SRR13744653	MCAN/BR/2010/DIANA-I	DIANA-I	IOCL 3191	3191	DIANA-I	Americas	BR	Brazil	Piauí	NA	MCAN	NA	4.1888059912961	4	
SRR13744652	MHOM/BR/2016/3200	3200	NA	3200	3200	Americas	BR	Brazil	Piauí	Teresina	MHOM	Homo sapiens	3.16437424912705	3	
SRR13744651	MHOM/BR/2016/3206	3206	NA	3206	3206	Americas	BR	Brazil	Piauí	Teresina	MHOM	Homo sapiens	6.44E-04	0	
SRR13744650	MHOM/BR/2016/3209	3209	NA	3209	3209	Americas	BR	Brazil	Piauí	Bom Jesus	MHOM	Homo sapiens	3.89282590068108	4	
SRR13744649	MHOM/BR/2016/3216	3216	NA	3216	3216	Americas	BR	Brazil	Maranhão	Caxias	MHOM	Homo sapiens	4.08176532628627	4	
SRR13744647	MHOM/BR/2016/3223	3223	NA	3223	3223	Americas	BR	Brazil	Piauí	Monsenhor Gil	MHOM	Homo sapiens	0	0	
SRR13744646	MHOM/BR/2016/3248	3248	NA	3248	3248	Americas	BR	Brazil	Maranhão	Colinas	MHOM	Homo sapiens	0	0	
SRR13744645	MHOM/BR/2016/3388	3388	NA	3388	3388	Americas	BR	Brazil	Maranhão	Fortuna	MHOM	Homo sapiens	4.27344760844579	4	
SRR13744644	MHOM/BR/2016/3800	3800	NA	3800	ES008	Americas	BR	Brazil	Piauí	Teresina	MHOM	Homo sapiens	0	0	
SRR13744643	MHOM/BR/2016/3967	3967	NA	3967	3967	Americas	BR	Brazil	Piauí	Picos	MHOM	Homo sapiens	0	0	
SRR13744642	MHOM/BR/2016/5570	5570	NA	5570	5570	Americas	BR	Brazil	Maranhão	Buriti	MHOM	Homo sapiens	0	0	
SRR13744641	MHOM/BR/2016/5745	5745	NA	5745	5745	Americas	BR	Brazil	Piauí	Teresina	MHOM	Homo sapiens	4.15768089833842	4	
SRR13744682	MCAN/BR/NA/1006DP	1006DP	NA	1006DP	1006DP	Americas	BR	Brazil	Piauí	NA	MCAN	Dog	0.0786922967821547	0	
SRR13744681	MCAN/BR/NA/1011DP	1011DP	NA	1011DP	1011DP	Americas	BR	Brazil	Piauí	NA	MCAN	Dog	3.8686652444487	4	
SRR13744670	MCAN/BR/NA/1016DP	1016DP	NA	1016DP	1016DP	Americas	BR	Brazil	Piauí	NA	MCAN	Dog	2.77446734991096	3	
SRR13744659	MCAN/BR/NA/1026DP	1026DP	NA	1026DP	1026DP	Americas	BR	Brazil	Piauí	NA	MCAN	Dog	1.18567470547069	1	
SRR13744640	MHOM/BR/2017/7122P	7122P	NA	7122P	7122P	Americas	BR	Brazil	Maranhão	Timon	MHOM	Homo sapiens	0.990562854482489	1	
SRR13744639	MHOM/BR/2017/7124P	7124P	NA	7124P	7124P	Americas	BR	Brazil	Maranhão	Timon	MHOM	Homo sapiens	3.96239483805928	4	
SRR13744638	MHOM/BR/2017/7128P	7128P	NA	7128P	7128P	Americas	BR	Brazil	Piauí	Monsenhor Gil	MHOM	Homo sapiens	3.83081860219256	4	
SRR13744636	MHOM/BR/2017/7131P	7131P	NA	7131P	7131P	Americas	BR	Brazil	Piauí	Teresina	MHOM	Homo sapiens	2.8961744139507	3	
SRR13744635	MHOM/BR/2017/7135P	7135P	NA	7135P	7135P	Americas	BR	Brazil	Maranhão	Timon	MHOM	Homo sapiens	3.72630220496297	4	
SRR13744634	MHOM/BR/2017/7136P	7136P	NA	7136P	7136P	Americas	BR	Brazil	Piauí	Curimata	MHOM	Homo sapiens	0.969362767179969	1	
SRR13744633	MHOM/BR/2017/7140P	7140P	NA	7140P	7140P	Americas	BR	Brazil	Piauí	Regeneração	MHOM	Homo sapiens	3.96025465166656	4	
SRR13744632	MHOM/BR/2017/7145P	7145P	NA	7145P	7145P	Americas	BR	Brazil	Piauí	Eliseu Martins	MHOM	Homo sapiens	4.05416294054611	4	
SRR13744631	MHOM/BR/2017/7147P	7147P	NA	7147P	7147P	Americas	BR	Brazil	Piauí	Castelo do Piauí	MHOM	Homo sapiens	0.0220244261532241	0	
SRR13744630	MHOM/BR/2017/7148P	7148P	NA	7148P	7148P	Americas	BR	Brazil	Piauí	São Pedro do Piauí	MHOM	Homo sapiens	4.01336536771776	4	
SRR13744629	MHOM/BR/2017/7149P	7149P	NA	7149P	7149P	Americas	BR	Brazil	Maranhão	Timon	MHOM	Homo sapiens	3.91425192327408	4	
SRR13744628	MHOM/BR/2017/7159P	7159P	NA	7159P	7159P	Americas	BR	Brazil	Piauí	Cocal	MHOM	Homo sapiens	0.00355357931280807	0	
SRR13744627	MHOM/BR/2017/7160P	7160P	NA	7160P	7160P	Americas	BR	Brazil	Piauí	Teresina	MHOM	Homo sapiens	3.32581994220455	3	
SRR13744625	MHOM/BR/2017/7161P	7161P	NA	7161P	7161P	Americas	BR	Brazil	Piauí	Alto Longá	MHOM	Homo sapiens	0.00643919540036567	0	
SRR13744624	MHOM/BR/2017/7162P	7162P	NA	7162P	7162P	Americas	BR	Brazil	Maranhão	Pastos Bons	MHOM	Homo sapiens	0	0	
SRR13744623	MHOM/BR/2017/7166P	7166P	NA	7166P	7166P	Americas	BR	Brazil	Piauí	Ribeiro Gonçalves	MHOM	Homo sapiens	1.83906878749225	2	
SRR13744621	MHOM/BR/2017/7170P	7170P	NA	7170P	7170P	Americas	BR	Brazil	Piauí	Bom Jesus	MHOM	Homo sapiens	0.0187440854999196	0	
SRR13744620	MHOM/BR/2017/7171P	7171P	NA	7171P	7171P	Americas	BR	Brazil	Piauí	Regeneração	MHOM	Homo sapiens	0.00609000535783641	0	
SRR13744619	MHOM/BR/2017/7172P	7172P	NA	7172P	7172P	Americas	BR	Brazil	Maranhão	Coelho Neto	MHOM	Homo sapiens	0.00987831576679935	0	
SRR13744618	MHOM/BR/2017/7176P	7176P	NA	7176P	7176P	Americas	BR	Brazil	Piauí	Piripiri	MHOM	Homo sapiens	0.00322058959980008	0	
SRR13744617	MHOM/BR/2017/7191P	7191P	NA	7191P	7191P	Americas	BR	Brazil	Piauí	Miguel Leão	MHOM	Homo sapiens	3.67257199383144	4	
SRR13744614	MHOM/BR/2017/7194P	7194P	NA	7194P	7194P	Americas	BR	Brazil	Piauí	União	MHOM	Homo sapiens	3.35979916009487	3	
SRR13744613	MHOM/BR/2018/7196P	7196P	NA	7196P	7196P	Americas	BR	Brazil	Maranhão	Codó	MHOM	Homo sapiens	0.00799965891300293	0	
SRR13744612	MHOM/BR/2018/7205P	7205P	NA	7205P	7205P	Americas	BR	Brazil	Maranhão	São João do Soter	MHOM	Homo sapiens	3.72612179634141	4	
SRR13744611	MHOM/BR/2018/7216P	7216P	NA	7216P	7216P	Americas	BR	Brazil	Maranhão	Codó	MHOM	Homo sapiens	1.91295749568854	2	
SRR13744610	MHOM/BR/2018/7223P	7223P	NA	7223P	7223P	Americas	BR	Brazil	Piauí	Amarante	MHOM	Homo sapiens	3.65100929271252	4	
SRR13744609	MHOM/BR/2018/7226P	7226P	NA	7226P	7226P	Americas	BR	Brazil	Piauí	Dirceu Arcoverde	MHOM	Homo sapiens	2.04195638386772	2	
SRR13744608	MHOM/BR/2018/7234P	7234P	NA	7234P	7234P	Americas	BR	Brazil	Piauí	Floriano	MHOM	Homo sapiens	3.87149029165025	4	
SRR13744607	MHOM/BR/2018/7235P	7235P	NA	7235P	7235P	Americas	BR	Brazil	Piauí	Buriti dos Lopes	MHOM	Homo sapiens	3.82458606112846	4	
SRR13744606	MHOM/BR/2018/7242P	7242P	NA	7242P	7242P	Americas	BR	Brazil	Piauí	Jurema	MHOM	Homo sapiens	3.60969878262216	4	
SRR13744605	MHOM/BR/2018/7244P	7244P	NA	7244P	7244P	Americas	BR	Brazil	Pará	Marabá	MHOM	Homo sapiens	3.89305521057548	4	
SRR13744603	MHOM/BR/2018/7272P	7272P	NA	7272P	7272P	Americas	BR	Brazil	Maranhão	Timon	MHOM	Homo sapiens	0.0189431217816533	0	
SRR13744602	MCAN/BR/NA/858DP	858DP	NA	858DP	858DP	Americas	BR	Brazil	Piauí	NA	MCAN	Dog	0	0	
SRR13744601	MCAN/BR/NA/885DP	885DP	NA	885DP	885DP	Americas	BR	Brazil	Piauí	NA	MCAN	Dog	3.73340449831172	4	
SRR13744600	MCAN/BR/NA/921DP	921DP	NA	921DP	921DP	Americas	BR	Brazil	Piauí	NA	MCAN	Dog	4.02516452987198	4	
SRR13744599	MCAN/BR/NA/925DP	925DP	NA	925DP	925DP	Americas	BR	Brazil	Piauí	NA	MCAN	Dog	4.22254916482726	4	
SRR13744598	MCAN/BR/NA/928DP	928DP	NA	928DP	928DP	Americas	BR	Brazil	Piauí	NA	MCAN	Dog	2.61372363848298	3	
SRR13744597	MCAN/BR/NA/934DP	934DP	NA	934DP	934DP	Americas	BR	Brazil	Piauí	NA	MCAN	Dog	3.14057134818329	3	
SRR13744596	MCAN/BR/NA/937DP	937DP	NA	937DP	937DP	Americas	BR	Brazil	Piauí	NA	MCAN	Dog	3.85921538774973	4	
SRR13744595	MCAN/BR/NA/941DP	941DP	NA	941DP	941DP	Americas	BR	Brazil	Piauí	NA	MCAN	Dog	4.14696295219444	4	
SRR13744594	MCAN/BR/NA/970DP	970DP	NA	970DP	970DP	Americas	BR	Brazil	Piauí	NA	MCAN	Dog	0.0329949445286591	0	
SRR13744592	MCAN/BR/NA/981DP	981DP	NA	981DP	981DP	Americas	BR	Brazil	Piauí	NA	MCAN	Dog	3.67485630133009	4	
SRR13744591	MCAN/BR/NA/982DP	982DP	NA	982DP	982DP	Americas	BR	Brazil	Piauí	NA	MCAN	Dog	3.81338846375454	4	
SRR13744590	MCAN/BR/NA/996DP	996DP	NA	996DP	996DP	Americas	BR	Brazil	Piauí	NA	MCAN	Dog	3.65501175863357	4	
SRR16972343	MHOM/BR/2017/6954P	6954P	NA	6954P	6954P	Americas	BR	Brazil	Piauí	Teresina	MHOM	Homo sapiens	3.80533896069866	4	
SRR16972342	MHOM/BR/2017/6987P	6987P	NA	6987P	6987P	Americas	BR	Brazil	Piauí	Teresina	MHOM	Homo sapiens	1.82851293550634	2	
SRR16972341	MHOM/BR/2017/6988P	6988P	NA	6988P	6988P	Americas	BR	Brazil	Piauí	Teresina	MHOM	Homo sapiens	0	0	
SRR16972340	MHOM/BR/2017/6998P	6998P	NA	6998P	6998P	Americas	BR	Brazil	Maranhão	Buriti Bravo	MHOM	Homo sapiens	3.74997006193535	4	
SRR16972339	MHOM/BR/2017/7005P	7005P	NA	7005P	7005P	Americas	BR	Brazil	Piauí	Teresina	MHOM	Homo sapiens	3.8181644904801	4	
SRR16972338	MHOM/BR/2017/7010P	7010P	NA	7010P	7010P	Americas	BR	Brazil	Maranhão	Codó	MHOM	Homo sapiens	3.80117175795769	4	
SRR16972337	MHOM/BR/2017/7019P	7019P	NA	7019P	7019P	Americas	BR	Brazil	Piauí	Teresina	MHOM	Homo sapiens	3.69020013944356	4	
SRR16972335	MHOM/BR/2017/7023P	7023P	NA	7023P	7023P	Americas	BR	Brazil	Piauí	Teresina	MHOM	Homo sapiens	1.58447387440723	2	
SRR16972311	MHOM/BR/2018/M01	M01	NA	M01	M01	Americas	BR	Brazil	Maranhão	NA	MHOM	NA	0	0	
SRR16972312	MHOM/BR/2018/M02	M02	NA	M02	M02	Americas	BR	Brazil	Maranhão	NA	MHOM	NA	1.04141642453535	1	
SRR16972313	MHOM/BR/2018/M03	M03	NA	M03	M03	Americas	BR	Brazil	Maranhão	NA	MHOM	NA	0	0	
SRR16972314	MHOM/BR/2018/M04	M04	NA	M04	M04	Americas	BR	Brazil	Maranhão	NA	MHOM	NA	3.72989453946811	4	
SRR16972315	MHOM/BR/2018/M05	M05	NA	M05	M05	Americas	BR	Brazil	Maranhão	NA	MHOM	NA	4.05224620975417	4	
SRR16972316	MHOM/BR/2018/M06	M06	NA	M06	M06	Americas	BR	Brazil	Maranhão	NA	MHOM	NA	3.15478758984681	3	
SRR16972317	MHOM/BR/2019/M07	M07	NA	M07	M07	Americas	BR	Brazil	Maranhão	NA	MHOM	NA	0.00113219294373285	0	
SRR16972318	MHOM/BR/2019/M08	M08	NA	M08	M08	Americas	BR	Brazil	Maranhão	NA	MHOM	NA	3.81019355984113	4	
SRR16972319	MHOM/BR/2019/M09	M09	NA	M09	M09	Americas	BR	Brazil	Maranhão	NA	MHOM	NA	3.50072995356022	4	
SRR16972320	MHOM/BR/2019/M10	M10	NA	M10	M10	Americas	BR	Brazil	Maranhão	NA	MHOM	NA	2.84192378541694	3	
SRR16972321	MHOM/BR/2019/M11	M11	NA	M11	M11	Americas	BR	Brazil	Maranhão	NA	MHOM	NA	3.53408339920269	4	
SRR16972322	MHOM/BR/2019/M13	M13	NA	M13	M13	Americas	BR	Brazil	Maranhão	NA	MHOM	NA	3.29142858090373	3	
SRR16972323	MHOM/BR/2019/M14	M14	NA	M14	M14	Americas	BR	Brazil	Maranhão	NA	MHOM	NA	4.01558642689302	4	
SRR16972324	MHOM/BR/2019/M15	M15	NA	M15	M15	Americas	BR	Brazil	Maranhão	NA	MHOM	NA	1.32E-04	0	
ERR205763	MHOM/HN/1993/336	336	NA	ERR205763	HN336	Americas	HN	Honduras	NA	NA	MHOM	NA	0.0180487201506432	0	DUPLICATE
ERR205788	MHOM/HN/1989/167	167	NA	ERR205788	HN167	Americas	HN	Honduras	NA	NA	MHOM	NA	0.0340382467365511	0	DUPLICATE
SRR8608748	MHOM/HN/2017/M32502/Amapala	M32502	NA	SRR8608748	6445_Honduras	Americas	HN	Honduras	NA	NA	MHOM	NA	4.06365606740446	4	DUPLICATE
ERR205787	MHOM/PA/78/WR285	WR285	NA	ERR205787	WR285	Americas	PA	Panama	NA	NA	MHOM	NA	3.70596046579571	4	DUPLICATE
ERR205736	MHOM/CN/78/D2	D2	NA	ERR205736	MHOM_CN_78_D2	Central.East.Asia	CN	China	Xinjiang Uygur	NA	MHOM	Homo sapiens	3.19555932244523	3	
ERR205750	MCAN/UZ/2007/LRC-L1313	LRC-L1313	NA	ERR205750	LRC-L1313	Central.East.Asia	UZ	Uzbekistan	NA	NA	MCAN	NA	3.66822063496555	4	DUPLICATE
ERR205751	MCAN/UZ/2007/LRC-L1311	LRC-L1311	NA	ERR205751	LRC-L1311	Central.East.Asia	UZ	Uzbekistan	NA	NA	MCAN	NA	3.59822704107409	4	DUPLICATE
ERR205735	MHOM/FR/62/LRC-L47	LRC-L47	NA	ERR205735	LRC-L47	Europe	FR	France	NA	NA	MHOM	NA	3.6677893608559	4	DUPLICATE
ERR205737	MHOM/FR/95/LPN114	LPN114	NA	ERR205737	LPN114	Europe	FR	France	NA	NA	MHOM	NA	3.67078339511918	4	DUPLICATE
ERR205760	MCAN/FR/87/RM1	RM1	NA	ERR205760	RM1	Europe	FR	France	NA	NA	MCAN	NA	3.40753261385419	3	DUPLICATE
ERR205793	MHOM/FR/90/LPN66	LPN66	NA	ERR205793	LEM1985	Europe	FR	France	NA	NA	MHOM	NA	4.18816969277615	4	DUPLICATE
ERR205795	MHOM/FR/96/LPM161	LPM161	NA	ERR205795	LEM3278	Europe	FR	France	NA	NA	MHOM	NA	3.76119160726749	4	DUPLICATE
ERR3550144	MHOM/FR/1996/LEM3249	LEM3249	NA	ERR3550144	Inf045	Europe	FR	France	NA	NA	MHOM	NA	3.4761672799372	3	DUPLICATE
ERR205768	MCAN/IT/2002/ISS2420	ISS2420	NA	ERR205768	ISS2420	Europe	IT	Italy	NA	NA	MCAN	NA	3.69130465436491	4	DUPLICATE
ERR205770	MHOM/IT/2002/ISS2429	ISS2429	NA	ERR205770	ISS2429	Europe	IT	Italy	NA	NA	MHOM	NA	3.77761270930797	4	DUPLICATE
ERR205771	MHOM/IT/2002/ISS2508	ISS2508	NA	ERR205771	ISS2508	Europe	IT	Italy	NA	NA	MHOM	NA	3.66167825233038	4	DUPLICATE
ERR205786	IPRF/IT/85/ISS174	ISS174	NA	ERR205786	ISS174	Europe	IT	Italy	NA	NA	IPRF	NA	3.92895468442131	4	DUPLICATE
ERR205799	MHOM/IT/2002/ISS2426	ISS2426	NA	ERR205799	ISS2426	Europe	IT	Italy	NA	NA	MHOM	NA	4.49571138108942	4	DUPLICATE
ERR205738	MHOM/PT/2000/IMT260	IMT260	NA	ERR205738	IMT260	Europe	PT	Portugal	Lisbon	NA	MHOM	Homo sapiens	3.8088396637664	4	
ERR271200	MCAN/PT/2005/IMT373cl1	IMT373cl1	NA	ERR271200	IMT373cl1	Europe	PT	Portugal	NA	NA	MCAN	NA	1.64038930564913	2	DUPLICATE
ERR013294	MCAN/ES/98/LLM-877	LLM-877	NA	ERR013294	LinJPCM5	Europe	ES	Spain	NA	NA	MCAN	NA	4.39402306343489	4	DUPLICATE
ERR230187	MCAN/ES/92/BCN-83	BCN-83	NA	ERR230187	BCN83	Europe	ES	Spain	NA	NA	MCAN	NA	4.05962295500602	4	DUPLICATE
ERR230188	MCAN/ES/92/BCN-87	BCN-87	NA	ERR230188	BCN87	Europe	ES	Spain	NA	NA	MCAN	NA	4.11681547964383	4	DUPLICATE
ERR3550118	MHOM/ES/1987/Lombardi	Lombardi	NA	ERR3550118	Inf004	Europe	ES	Spain	NA	NA	MHOM	NA	3.68828646586534	4	DUPLICATE
ERR3550132	MHOM/ES/1992/LLM373	LLM373	NA	ERR3550132	Inf055	Europe	ES	Spain	NA	NA	MHOM	NA	3.31459471937862	3	DUPLICATE
SRR6369628	MCAN/ES/2004/LLM1345p2	LLM1345p2	NA	SRR6369628	Linf_LLM1345	Europe	ES	Spain	NA	NA	MCAN	NA	3.93946841790596	4	DUPLICATE
SRR6369636	MCAN/ES/2004/LLM1356p2	LLM1356p2	NA	SRR6369636	Linf_LLM1356	Europe	ES	Spain	NA	NA	MCAN	NA	4.19016654013742	4	DUPLICATE
SRR12506675	MCAN/ES/98/LLM-724	LLM-724	NA	SRR12506675	NonDel_ES_1356	Europe	ES	Spain	NA	NA	MCAN	NA	4.19020799069522	4	DUPLICATE
SRR12506676	MCAN/ES/2004/LLM1356p2	LLM1356p2	NA	SRR12506676	NonDel_ES_1345	Europe	ES	Spain	NA	NA	MCAN	NA	3.94938584481506	4	DUPLICATE
ERR205759	MCAN/IL/96/LRC-L699	LRC-L699	NA	ERR205759	LRC-L699	Middle.East	IL	Israel	NA	NA	MCAN	NA	3.99172265612179	4	DUPLICATE
ERR205785	MCAN/IL/2005/LRC-L1275	LRC-L1275	NA	ERR205785	LRC-L1275	Middle.East	IL	Israel	NA	NA	MCAN	NA	3.43144085813402	3	DUPLICATE
ERR230189	MCAN/IL/2011/TH5	TH5	NA	ERR230189	TH5	Middle.East	IL	Israel	NA	NA	MCAN	NA	3.79812039550388	4	DUPLICATE
ERR230190	MCAN/IL/2011/TH4	TH4	NA	ERR230190	TH4	Middle.East	IL	Israel	NA	NA	MCAN	NA	3.99468506882927	4	DUPLICATE
ERR230193	MCAN/IL/2012/NT16	NT16	NA	ERR230193	NT16	Middle.East	IL	Israel	NA	NA	MCAN	NA	3.72114458362488	4	DUPLICATE
ERR230194	MCAN/IL/2011/NT10	NT10	NA	ERR230194	NT10	Middle.East	IL	Israel	NA	NA	MCAN	NA	3.91950093009705	4	DUPLICATE
ERR304752	MCAN/IL/2011/TH6	TH6	NA	ERR304752	TH6	Middle.East	IL	Israel	NA	NA	MCAN	NA	3.70051427462653	4	DUPLICATE
ERR304753	MCAN/IL/XX/LRC-L1312	LRC-L1312	NA	ERR304753	LRC-L1312	Middle.East	IL	Israel	NA	NA	MCAN	NA	3.44564073978915	3	DUPLICATE
ERR3550152	MHOM/IL/1989/LRC-L571	LRC-L571	NA	ERR3550152	Inf007	Middle.East	IL	Israel	NA	NA	MHOM	NA	4.39651822827175	4	DUPLICATE
ERR205739	MHOM/PS/2007/LRC-L1303	NA	NA	ERR205739	PRJEB2600	Middle.East	PS	Palestine	NA	NA	MHOM	NA	3.69032362204002	4	DUPLICATE
ERR205797	MHOM/PS/2006/LRC-L1296	NA	NA	ERR205797	PRJEB2600	Middle.East	PS	Palestine	NA	NA	MHOM	NA	3.41068415920802	3	DUPLICATE
ERR3550134	MCAN/TR/2000/EP50	EP50	NA	ERR3550134	Inf152	Middle.East	TR	Turkiye	NA	NA	MCAN	NA	3.45822973957228	3	DUPLICATE
ERR524883	MHOM/MA/67/ITMAP26	ITMAP26	NA	ERR524883	ITMAP26	North.Africa	MA	Morocco	NA	NA	MHOM	NA	3.93745615916933	4	DUPLICATE
ERR3550142	MHOM/TN/1980/IPT1	IPT1	NA	ERR3550142	Inf001	North.Africa	TN	Tunisia	NA	NA	MHOM	NA	3.05669136618174	3	DUPLICATE
SRR6369631	MHOM/TN/2010/ZK27p2	ZK27p2	NA	SRR6369631	Linf_ZK27	North.Africa	TN	Tunisia	NA	NA	MHOM	NA	4.91254968145787	4	DUPLICATE
SRR11098642	MHOM/TN/2011/ZK47	ZK47	NA	SRR11098642	ZK47	North.Africa	TN	Tunisia	NA	NA	MHOM	NA	4.07019948857174	4	DUPLICATE
SRR11098643	MHOM/TN/2011/ZK43	ZK43	NA	SRR11098643	ZK43	North.Africa	TN	Tunisia	NA	NA	MHOM	NA	4.03599131932211	4	DUPLICATE
SRR11098644	MHOM/TN/2007/LIPA60	LIPA60	NA	SRR11098644	LIPA60	North.Africa	TN	Tunisia	NA	NA	MHOM	NA	3.93371743789816	4	DUPLICATE
SRR11098645	MHOM/TN/2010/ZK25	ZK25	NA	SRR11098645	ZK25	North.Africa	TN	Tunisia	NA	NA	MHOM	NA	3.89699268596572	4	DUPLICATE
SRR11098646	MHOM/TN/2010/ZK5	ZK5	NA	SRR11098646	ZK5	North.Africa	TN	Tunisia	NA	NA	MHOM	NA	3.90848679714238	4	DUPLICATE
ERR3550127	MHOM/ET/2000/HUSSEN	HUSSEN	NA	ERR3550127	Don038	East.Africa	ET	Ethiopia	NA	NA	MHOM	NA	3.76742320218406	4	DUPLICATE
ERR205758	MHOM/SD/97/LEM3472	LEM3472	NA	ERR205758	LEM3472	East.Africa	SD	Sudan	NA	NA	MHOM	NA	3.96948822159841	4	DUPLICATE
